TSLA,99.86,648,101.41,523,100.87,321,101.03,946
MSFT,101.7,138
TSLA,100.82,916
MSFT,100.78,617
AAPL,101.48,414
AMZN,99.51,465,98.82,508,100.57,156
AAPL,100.98,592
AMZN,99.12,255,100.86,638
AAPL,101.33,382
AAPL,102.92,385
AAPL,103.22,766,102.22,254
TSLA,99.84,570,101.65,481,101.7,841,100.83,846
AAPL,103.97,130
AMZN,99.07,416
AMZN,100.58,785,100.54,332
AAPL,103.59,136
AAPL,102.11,336,100.71,228
GOOG,101.88,914,102.08,361,104.02,14
AAPL,101.69,672,100.82,327,101.04,978
TSLA,102.72,162
MSFT,99.08,261
AMZN,100.81,811,100.22,949,101.45,21,100.17,873
MSFT,99.2,813,100.81,631,99.03,306,100.98,812
AMZN,99.45,674,99.67,438,101.01,762
AMZN,99.06,512,100.57,702,102.42,530
TSLA,101.25,384,102.99,892,102.61,916,103.94,227
MSFT,99.71,230,101.3,954,99.52,379
AAPL,99.51,616,99.12,605,98.64,284
AAPL,98.18,127,96.45,468
AAPL,95.47,672,94.97,639
MSFT,100.69,920,102.52,896
GOOG,102.22,211,102.1,167,103.85,374
AMZN,101.51,909,103.31,352
TSLA,102.12,888,103.29,551,101.95,973,102.01,521
AAPL,96.82,996,96.19,538
TSLA,101.82,28,103.15,811,102.19,762,101.69,91
TSLA,102.23,314,101.72,410,101.73,904
AMZN,102.61,54,102.89,865,102.61,430,102.8,740
TSLA,102.66,696
TSLA,104.61,389
AMZN,101.13,663,102.87,316
MSFT,102.95,228,102.11,621,102.5,742
AMZN,104.3,700,105.26,201,103.64,651
GOOG,105.33,444,104.29,908,105.22,123
MSFT,100.86,874,99.34,947
GOOG,105.19,301,106.81,428,108.3,139
GOOG,108.41,57,108.46,949,108.43,220,109.21,22
MSFT,101.09,214,101.2,252,100.11,234
MSFT,100.17,694,99.28,963,98.53,101
GOOG,109.34,157
TSLA,103.59,534,105.27,489
AMZN,103.37,659
TSLA,104.04,550,102.05,793,100.19,50
MSFT,99.4,137,98.76,78,99.92,202,99.81,603
TSLA,101.52,795,101.98,899
AMZN,103.18,252
AAPL,97.77,586
MSFT,98.38,291,99.08,44,100.61,613,100.76,993
GOOG,109.64,59,109.61,837,110.5,34
AAPL,97.36,122,95.67,339
MSFT,102.54,176,103.4,535
AAPL,97.34,810,98.03,370
TSLA,102.31,115,101.12,521
MSFT,104.42,899
AMZN,101.75,644,101.95,322,103.18,933
TSLA,102.78,248,102.5,26,102.49,88
TSLA,104.05,308,105.85,682
GOOG,111.31,333,112.77,522,113.19,840,115.12,592
MSFT,105.99,41,107.05,864,107.02,821,107.19,669
AAPL,98.03,268,98.11,701
GOOG,113.38,240
GOOG,111.62,783,111.86,868
GOOG,110.2,432,111.97,712
MSFT,108.66,122
TSLA,106.89,443
AAPL,98.59,193
TSLA,106.54,761
TSLA,105.29,630,106.47,310,106.16,71,104.91,867
GOOG,113.95,630
AAPL,99.83,689
GOOG,112.3,130,111.96,124
MSFT,108.89,960
AMZN,104.01,613,104.17,549,104.39,382,104.78,146
TSLA,104.63,729,104.98,959,106.84,126,107.31,298
AAPL,100.26,102,99.93,605,101.65,606,100.83,776
TSLA,108.7,150,110.38,278
AMZN,104.73,67
GOOG,110.23,105,111.21,502
AMZN,105.57,352,107.47,42
MSFT,109.87,508,109.18,580
TSLA,111.03,956
AMZN,107.35,116,107.48,119
AMZN,106.93,794,107.5,592,108.89,252,106.95,925
AMZN,105.92,600
AMZN,104.15,959,102.24,704,101.96,26
MSFT,108.67,958,108.05,743,107.19,98,108.34,439
MSFT,109.08,214,108.9,875
TSLA,111.22,388
AMZN,101.51,126
MSFT,109.37,492,107.94,484,108.71,986
TSLA,109.92,142,111.05,302
TSLA,109.79,346,111.63,792,112.76,886
AAPL,101.6,495,102.94,986
AMZN,101.5,280,103.47,323,105.3,506
MSFT,110.14,894,108.48,597,107.53,78,108.69,636
AAPL,104.74,967,106.32,305,106.08,631
MSFT,109.57,841,108.39,752
AAPL,106.33,722,106.15,646,107.86,159,109.27,897
MSFT,106.84,368,104.86,310,105.03,950,104.68,731
MSFT,103.73,735,102.75,409,102.09,677,102.76,619
GOOG,111.68,926
GOOG,112.14,423,110.92,735,109.66,355,108.93,148
GOOG,107.67,83,108.43,598,108.57,210,109.23,281
MSFT,102.38,49,102.24,186,100.65,618
AAPL,109.36,765,107.75,239
MSFT,102.62,779,100.99,539,102.45,263
MSFT,102.26,303,101.88,487,101.38,911
TSLA,112.45,287
TSLA,113.97,289,114.55,37,116.46,426
TSLA,117.22,69
AAPL,106.43,484,104.69,751
MSFT,99.61,549,101.01,672,99.3,83,100.3,141
AMZN,105.97,34,107.79,931,108.42,941
AAPL,104.45,310,103.92,100,104.14,502,105.9,73
MSFT,101.52,200
AMZN,110.05,196,108.55,28,109.63,339,109.87,596
MSFT,99.8,482,99.71,810,100.2,607,98.57,853
AAPL,104.36,727,105.48,962
TSLA,117.56,419,115.64,567,117.15,483,118.71,823
AMZN,108.57,540,107.53,420
GOOG,110.24,152,112.18,161,112.63,534,114.0,512
MSFT,99.66,528,99.84,352
AAPL,104.33,386,104.78,253
TSLA,119.98,460
TSLA,118.19,777
AMZN,108.89,955
MSFT,100.4,300,101.37,312,102.95,573,103.71,897
AMZN,107.41,556
MSFT,104.98,893,106.76,72
TSLA,116.26,295,115.64,115
TSLA,114.86,753,114.43,354,112.77,70,111.18,792
AMZN,108.68,182,107.36,153
TSLA,113.1,572,112.38,273,113.35,886,115.12,836
AMZN,105.43,926
AMZN,105.62,865,104.82,133,106.73,824,105.74,869
TSLA,116.23,423,118.03,845,116.7,64,114.83,741
GOOG,114.31,766,115.33,864,113.44,275
MSFT,106.77,943,106.43,350,107.73,488
AMZN,106.74,939,107.92,658
MSFT,109.49,250,108.91,258,109.03,92,107.78,560
GOOG,114.02,720,115.91,962
MSFT,106.8,875,108.0,141,108.37,304
AMZN,109.07,23,108.16,382,109.31,336,111.24,174
AMZN,110.51,962,110.47,619,109.97,424,109.43,730
TSLA,112.87,585,112.21,578,111.96,758
TSLA,110.95,391,110.57,882,112.24,298
MSFT,109.87,565,108.92,268,108.94,852
AAPL,103.97,510,102.9,202,103.25,857
AMZN,108.6,409
AAPL,105.07,316,105.78,45,107.21,574
AAPL,107.42,482,105.67,753,104.68,320
MSFT,110.4,418,110.43,376,112.34,511
AAPL,106.13,970,104.76,978
AMZN,110.4,834,110.35,517,111.68,74
TSLA,111.05,840,112.21,940,110.47,525
AAPL,105.73,777,107.49,824
AAPL,107.58,478,105.88,710
MSFT,111.46,243,110.85,778
AAPL,107.49,698,108.57,882,108.41,219
TSLA,112.41,780
AMZN,113.28,893,113.8,504,115.29,901
AAPL,107.42,961,108.94,139,108.52,690,108.79,246
AMZN,113.82,442,112.15,638,110.9,956
MSFT,109.47,953,111.15,371
AAPL,108.18,483,107.59,580
GOOG,114.31,650
MSFT,109.46,705,109.56,516,109.98,854
GOOG,116.03,28,117.4,446,119.23,33
AAPL,108.93,414
AAPL,107.94,587,108.34,989,109.19,648
AMZN,110.71,264,108.9,160
MSFT,109.97,710,109.26,856,108.26,64
AAPL,109.46,319
GOOG,120.64,397,118.65,121
AMZN,108.74,669,107.34,638,107.24,797
AMZN,108.21,388,109.08,560,110.07,445,111.12,82
MSFT,108.33,276,107.2,774,108.1,587
TSLA,111.7,28
TSLA,109.82,243,108.47,816,109.97,513,109.55,639
GOOG,117.7,717,118.03,255,117.35,307
MSFT,108.39,895
GOOG,117.96,828
AAPL,107.74,653,107.92,31,107.49,841
GOOG,116.42,441,117.04,919,116.34,914,116.69,316
AMZN,112.8,726,113.44,440,111.57,572,110.45,443
AAPL,105.74,489,104.81,453
MSFT,106.84,456
AAPL,106.06,206,105.54,637,105.41,251,105.24,620
MSFT,105.16,530,105.72,913,106.28,836,104.96,351
AMZN,110.02,677,109.36,530,107.83,353,106.47,970
GOOG,115.27,176,113.38,651,112.03,747,110.29,765
TSLA,109.25,295
GOOG,109.04,857,110.04,412
MSFT,106.44,996,104.91,630,106.29,266
TSLA,107.36,314,107.17,318,106.27,43
TSLA,107.11,552,108.19,461,108.79,27
TSLA,107.43,979
MSFT,107.57,676,108.85,166,108.72,706,107.92,231
TSLA,106.34,734,107.51,477,109.31,810,110.34,704
GOOG,109.22,179,108.85,338
GOOG,109.59,736,108.4,338,110.24,191
TSLA,110.63,473
TSLA,109.68,910
AAPL,105.16,326,104.62,321
AAPL,103.5,459
GOOG,110.41,410,110.48,580,110.61,896,112.29,521
AAPL,102.68,319,101.46,55
MSFT,108.91,372,110.86,905,108.89,995,107.23,121
GOOG,111.65,501,113.49,689,115.36,590
TSLA,108.54,75,108.88,792
GOOG,115.24,640,116.39,220,117.34,627,118.11,231
TSLA,108.42,803
TSLA,107.03,368,105.17,756,103.99,871,104.51,137
AMZN,108.41,59
AMZN,109.06,311,110.67,589,110.03,17,111.59,444
GOOG,117.61,191,118.55,317
MSFT,107.3,457,106.15,57
AAPL,103.3,87
AMZN,110.11,415,111.57,42,110.56,407
MSFT,104.6,71,106.3,538
GOOG,118.19,206,118.23,752,118.7,349,118.36,774
TSLA,105.88,131
TSLA,104.65,522,106.34,120
GOOG,118.41,123,118.95,745,120.46,51,120.18,554
AMZN,111.34,676,112.98,106
GOOG,121.8,259,123.02,808
MSFT,107.54,220,109.31,620,107.52,151,106.41,891
AAPL,104.48,383
AAPL,103.0,921,103.93,541,102.47,421,101.56,585
AMZN,111.78,722,112.98,490,110.98,532,112.56,220
TSLA,105.53,78,106.95,125
AAPL,101.37,90,102.73,830,103.58,90,104.21,932
GOOG,122.02,403
TSLA,105.0,792,103.48,846
GOOG,120.3,613,120.49,960
TSLA,104.71,464,105.05,131,106.57,998,108.1,641
MSFT,107.4,813,106.78,231,105.37,548,106.38,984
MSFT,106.15,438,106.02,901,104.16,251
AMZN,112.38,314,113.56,193
MSFT,102.91,269,103.51,266
AAPL,102.53,732,102.13,429
TSLA,109.46,994,107.84,169,108.13,385,107.98,447
TSLA,107.73,787,106.21,178,106.32,193,107.05,666
MSFT,105.12,534,106.76,285,107.42,617
AMZN,115.43,633,117.16,921
AAPL,103.44,777,105.01,540,105.69,926
AAPL,104.32,514
GOOG,119.66,785,118.97,399
MSFT,109.34,56,109.14,682
AMZN,117.99,18,119.18,572,119.25,720,118.15,163
AMZN,117.95,940,118.2,535,118.7,917,118.46,883
AMZN,117.68,800
GOOG,119.05,751
GOOG,119.81,275,121.41,717,121.34,27,122.8,508
AAPL,103.05,758
MSFT,108.77,852,110.18,707,109.21,47
AAPL,103.36,233,103.17,150,101.86,744,101.86,405
MSFT,107.34,912,109.25,702,109.57,305,110.77,586
GOOG,123.85,726
AAPL,101.12,417,99.53,696,98.46,898
AAPL,98.49,277,98.97,456,98.37,132
GOOG,122.36,633
AMZN,116.19,384,116.63,574,115.9,364,115.5,786
TSLA,106.76,59
AAPL,99.94,403,98.64,430
TSLA,107.13,928,106.18,612,104.74,323,104.84,531
AMZN,115.32,385,115.11,84,115.9,181
AMZN,114.88,814,116.52,611,115.77,592,117.04,120
AMZN,117.76,699,117.79,768
AMZN,119.58,382,119.05,47,117.96,995,119.63,934
AAPL,99.57,984,98.15,835,97.61,962
AAPL,97.49,898,98.05,388,96.29,87
MSFT,111.1,783,110.05,380,111.35,213
TSLA,105.93,257
TSLA,107.59,615,107.33,944
MSFT,109.89,646,109.04,278
MSFT,108.14,55,107.34,30
AAPL,95.26,254,94.19,208,95.62,48,95.48,66
MSFT,109.24,832,110.78,51,111.22,352,110.73,696
AAPL,96.45,178,96.12,944,96.32,800
GOOG,121.02,697,122.32,964,123.13,417,124.1,773
TSLA,109.11,715,110.37,79
AAPL,97.66,131,97.23,29,98.3,118,99.65,806
GOOG,123.53,402,123.96,184,123.23,430,124.23,318
TSLA,109.36,295,111.14,911,110.69,504,109.4,972
AMZN,119.95,343,120.95,660,120.08,854
MSFT,109.96,857,111.23,411,112.39,541
TSLA,109.57,646,108.17,939
TSLA,106.89,514,105.93,300,104.22,804
GOOG,125.86,557,124.11,409,123.43,153,124.16,552
AMZN,119.57,349,120.78,489,119.25,113,119.98,518
AAPL,101.08,217,102.6,521,101.83,645
TSLA,104.73,877,104.78,434,104.04,810
TSLA,104.14,811,103.76,901,103.72,63
GOOG,124.88,464,125.6,25,125.79,872,126.14,531
MSFT,112.15,97
AMZN,120.82,228
MSFT,113.63,627,115.14,692,114.97,863
AMZN,119.97,51
AAPL,101.08,248,102.72,424,103.54,798
GOOG,125.62,911
TSLA,102.98,951
AMZN,121.97,826,121.61,406
MSFT,116.18,862
AAPL,101.7,837,100.51,320,101.87,907,101.49,64
AMZN,120.9,333
MSFT,114.4,595,112.89,966
TSLA,104.58,798,105.84,628
TSLA,106.45,788,107.34,241,107.0,342
AMZN,121.03,930,119.76,215
TSLA,108.51,568,107.21,630
AAPL,102.54,751,103.69,730,103.21,883,104.29,322
MSFT,114.38,399,113.04,375
MSFT,112.5,907,114.41,738,115.12,579
AAPL,102.8,991
MSFT,116.68,460,117.83,905,119.01,333,119.25,211
TSLA,107.44,575
AAPL,101.24,313
AMZN,117.82,66,118.28,91
GOOG,125.05,202,125.19,557,125.89,676,124.05,545
TSLA,106.77,506,107.2,116,106.34,544
AMZN,119.56,525
AAPL,103.23,879,104.63,422,104.69,490,103.66,122
MSFT,118.5,733,117.79,912,119.15,738,119.65,297
AAPL,104.45,387,103.36,923,103.55,49,105.4,329
TSLA,106.8,206
TSLA,106.75,870,108.58,309,108.69,475
AMZN,120.28,959,120.97,279,122.15,212,123.49,889
AMZN,123.84,487,122.19,985,123.44,982,123.36,593
GOOG,123.47,603
MSFT,119.79,939,120.83,524,120.54,963
GOOG,125.44,487
AMZN,125.15,929,123.3,424,122.1,281
MSFT,120.17,210
TSLA,107.76,699,105.89,432,105.31,231
GOOG,127.3,734,126.18,198,125.83,31
AAPL,105.1,619,104.31,335
AMZN,121.74,963
AMZN,122.61,522,121.08,806,120.74,726
AAPL,106.16,18
AMZN,120.44,365,118.79,206,117.64,568,116.79,133
GOOG,126.51,36,125.11,378
AAPL,104.4,934
TSLA,105.44,63,104.4,974
AAPL,103.01,78,101.1,976,100.21,162
MSFT,120.06,851,118.09,263,116.41,177,117.57,829
TSLA,103.84,761,102.26,52,102.31,566,100.57,717
AMZN,117.14,362,116.18,45,115.68,667
TSLA,99.7,294
TSLA,98.73,790,97.62,246,96.7,715
MSFT,119.54,708
GOOG,125.52,779,125.47,784,124.54,299,122.54,261
GOOG,120.77,512,121.14,888
MSFT,119.1,90,119.63,336
GOOG,119.62,410
AAPL,101.13,168,99.19,728
GOOG,118.03,421,116.37,857,118.11,560
AMZN,117.13,105,118.26,832
GOOG,118.31,873,118.09,273,116.16,373
AMZN,117.35,857
GOOG,118.12,403,118.72,261,118.33,165,117.81,605
TSLA,97.58,404
TSLA,97.51,925
MSFT,121.59,706,120.93,591
AMZN,118.26,469,118.04,278
AAPL,99.44,752
AAPL,99.74,658
TSLA,98.9,322
AMZN,116.78,613,118.36,381,116.61,729,116.66,322
MSFT,120.36,379,118.45,630
AMZN,115.39,555
AAPL,99.17,176,99.93,451
AMZN,115.39,347,116.66,885
MSFT,119.78,577
TSLA,97.53,303,96.02,793
MSFT,120.92,393
MSFT,119.22,307,119.28,357
AAPL,99.74,254,100.02,438,100.79,147
GOOG,119.71,782
AMZN,118.27,39
AMZN,118.83,705
MSFT,119.07,93,119.31,230,118.57,249,119.14,785
TSLA,96.52,769
GOOG,118.01,568,117.84,297,119.38,442,120.43,266
GOOG,122.26,148,121.34,573,119.99,317,120.27,65
GOOG,118.72,546,117.22,149,119.14,419
AAPL,102.26,906
TSLA,98.11,310,96.94,191
TSLA,97.67,148
MSFT,117.91,279
TSLA,98.53,390,96.92,225,95.99,877
AMZN,118.01,681,119.19,232,120.23,608,120.55,742
MSFT,118.72,242,119.83,225,119.19,53,118.97,171
AMZN,121.15,453,119.77,359,121.5,877,120.86,984
AAPL,101.85,757,103.44,160,103.15,400
AAPL,104.93,749,105.14,467
AMZN,121.93,494
TSLA,97.25,966,97.45,606
MSFT,119.47,468,118.38,795
AMZN,120.92,915,121.8,209,121.24,411
GOOG,120.81,45,120.13,118,121.35,210
MSFT,116.58,270,117.5,844,118.43,749
AMZN,120.3,364,118.97,893,117.53,240
GOOG,120.0,280,121.08,352
AMZN,116.48,777
AAPL,103.86,465,105.78,301,105.2,216,106.36,964
AMZN,115.09,269,114.59,421,115.04,340,116.83,773
GOOG,122.05,79
TSLA,99.19,145
AAPL,105.87,127,104.23,905,104.76,264,104.36,259
AMZN,115.35,799,114.5,743,114.09,17,113.37,537
GOOG,120.36,167,118.58,581
AMZN,114.01,474,115.34,868,116.09,142
GOOG,117.47,805
AAPL,104.26,394,104.11,370
GOOG,117.07,65,116.83,76
GOOG,118.26,271
MSFT,119.84,347
AAPL,105.08,141,104.25,777,103.18,285
GOOG,118.51,783
TSLA,98.7,367,100.12,371
TSLA,101.92,32
MSFT,117.85,437,117.42,518,118.7,626
AAPL,104.94,174
TSLA,101.79,468,103.26,917,102.79,774,103.95,715
AMZN,116.27,235
AMZN,117.36,691,115.41,576
MSFT,117.14,137,115.63,958,113.99,620,112.62,632
TSLA,104.85,638
MSFT,113.08,814,113.12,670,112.3,596
AAPL,104.01,995,103.27,95,101.42,450,103.05,337
MSFT,112.33,226,113.6,709,114.8,850
AAPL,102.46,513,104.15,120,103.32,860,101.89,825
AAPL,101.35,442,102.27,430
MSFT,112.86,763,114.76,875
AMZN,116.79,72,116.02,667,117.07,122
GOOG,119.48,310,120.08,176,121.99,15
AAPL,102.45,608,103.29,322,102.09,118
AMZN,117.64,751,116.36,729,116.18,641,116.43,686
TSLA,105.71,96,107.5,254,106.88,51
AAPL,103.3,457,102.14,979,102.32,145
GOOG,123.07,494,123.2,183
TSLA,107.22,629,108.02,194,108.74,190,107.3,216
GOOG,124.02,921
AMZN,116.04,84,117.64,844,119.11,164
TSLA,108.36,804,109.02,426
TSLA,107.86,459,109.33,874,107.99,613,108.29,994
MSFT,114.02,580,113.61,267,111.8,182
GOOG,122.49,837,120.99,529,120.78,354,118.92,496
AAPL,100.62,183,99.31,718,101.26,630,100.84,612
AMZN,117.9,479
MSFT,112.25,465,110.67,304
AAPL,99.57,270,100.92,46,101.2,524,100.93,802
MSFT,112.17,202
AAPL,99.86,575
AAPL,101.19,262,100.3,855,101.55,667
AAPL,100.74,791,102.61,804
AMZN,118.15,229
TSLA,107.57,43,108.59,235,107.32,138,106.95,936
AMZN,119.24,597,117.24,395,118.34,122
GOOG,116.96,253,116.19,583
MSFT,111.38,846
AMZN,118.98,436,117.24,528
TSLA,107.83,612,109.02,541,108.62,616
MSFT,112.05,966,112.53,231,111.19,949,110.45,784
GOOG,116.14,53,115.09,362
GOOG,113.99,671,113.71,67,113.34,228,113.97,859
AAPL,103.11,936,105.04,954,103.11,888,103.8,14
AAPL,104.61,46,103.38,208
AMZN,117.17,671,115.36,650
GOOG,115.5,642,115.68,291,114.38,380,115.17,350
GOOG,113.82,229,114.94,916,115.23,891,115.04,368
AAPL,103.34,966,102.45,589
TSLA,108.46,785,108.49,946,106.7,807,107.1,217
AMZN,114.63,76,113.15,913,113.16,476
TSLA,105.43,794,104.97,654,106.48,739
AMZN,112.04,971
AMZN,112.41,18,110.7,752,111.31,960
TSLA,107.43,818,106.31,160,106.96,109
TSLA,107.14,138,107.26,269
TSLA,105.5,670,104.64,634,102.77,80,101.05,791
AAPL,103.65,671
AMZN,112.09,147
TSLA,101.85,139,99.95,780
MSFT,109.47,117,110.02,115,110.47,277
MSFT,111.34,664,110.0,907,110.76,124,110.56,949
GOOG,116.62,238,118.47,951
GOOG,120.27,335,120.71,680,120.93,901,119.84,533
MSFT,109.61,209
AMZN,111.43,404
GOOG,121.32,768,120.8,331,120.02,248,118.11,651
TSLA,101.87,385,100.83,126
TSLA,99.41,245,98.65,701
GOOG,116.36,710
AMZN,112.52,419,114.35,354,114.98,847,116.03,952
AAPL,104.8,938,103.66,931,102.73,314,100.88,257
AAPL,101.06,307
TSLA,97.65,58,97.98,235,99.42,302,99.59,596
TSLA,98.83,738,99.28,830,98.63,104
AMZN,114.34,176,114.29,734,115.01,492
MSFT,109.43,800,110.83,965,109.25,536,109.55,35
MSFT,110.53,644
TSLA,98.79,698,98.78,537,98.15,847
GOOG,114.4,101,113.24,629
GOOG,114.4,256
TSLA,98.13,450,97.7,797,95.95,215
AAPL,99.74,592,98.33,355,98.06,907
AAPL,97.41,911
AMZN,116.53,283
TSLA,96.52,18,97.04,571,98.09,518
TSLA,99.6,207,98.31,164,99.04,721,99.67,322
MSFT,108.7,107
GOOG,113.27,688
TSLA,101.17,454
AAPL,98.82,395,99.21,310,97.9,264,98.46,582
GOOG,113.47,752,112.99,899
TSLA,100.65,525,102.13,91,101.41,891,102.04,91
AAPL,97.42,328,96.5,289
MSFT,107.7,986,107.03,162
TSLA,102.28,538,102.53,179
AMZN,118.41,828,117.23,918,118.78,376
AMZN,119.98,488,120.88,701
GOOG,112.93,237
MSFT,105.16,666,103.87,324,102.39,543
GOOG,114.89,391,115.57,755
MSFT,103.02,473
AMZN,121.76,227,121.58,413,123.02,413
MSFT,102.62,687,103.48,451
AMZN,124.24,78
GOOG,116.88,112,116.06,294,116.34,790,116.43,913
GOOG,117.05,480
MSFT,103.57,829,103.38,286,103.77,330
MSFT,104.4,583
AAPL,98.27,967,99.44,304
TSLA,103.14,786
GOOG,118.12,977,117.22,961,117.01,642,116.62,777
TSLA,101.16,447
MSFT,102.53,407,103.15,74,103.82,83
AAPL,99.33,550
MSFT,102.11,209,103.98,63,102.94,411
AAPL,99.62,534,99.06,643,100.04,114
TSLA,100.89,98
MSFT,104.05,342
TSLA,101.67,85,100.81,817,100.96,922,99.18,54
GOOG,114.9,744
AAPL,101.4,883,99.81,113,100.54,767
TSLA,97.67,342,96.23,913
AAPL,101.86,337,99.94,724,101.8,780,102.93,254
TSLA,96.79,880,95.15,111
MSFT,104.93,679,105.65,674,106.99,456
AMZN,125.62,492,125.32,273,125.48,366
TSLA,95.48,567,93.64,250
AMZN,127.19,749,126.26,569,125.33,24
AAPL,103.13,862,103.09,597
MSFT,105.2,595
GOOG,116.71,965,116.22,389
GOOG,116.85,336
MSFT,106.7,759,107.48,141,107.7,196,105.81,196
TSLA,92.6,358,91.8,18,90.38,500,92.36,435
AAPL,101.5,880,100.78,247
GOOG,116.9,312,117.37,277,117.13,415
TSLA,93.88,353,94.45,742,94.61,571
GOOG,115.17,557,115.21,796
TSLA,94.14,381,95.77,905
MSFT,103.98,595,103.72,908,103.14,827,103.59,976
AMZN,125.69,143,126.51,727,125.99,48,127.57,384
GOOG,115.91,45,115.38,204,114.33,873,113.95,676
TSLA,95.8,135,94.88,266
GOOG,115.29,887,114.2,306,115.22,771,116.78,723
AMZN,127.05,338
GOOG,117.91,834
TSLA,94.5,482,93.15,523,93.57,266,94.17,561
TSLA,94.51,120,95.77,962
MSFT,103.82,617,102.2,80,101.87,467
GOOG,119.6,141,117.66,415,116.84,278,116.64,790
AMZN,127.29,752,125.91,237,127.31,968,129.08,307
GOOG,117.44,22,119.35,688,117.96,683
AMZN,130.38,37,130.76,291,131.87,721,132.15,500
AAPL,100.45,100,98.7,555,98.08,680,99.48,794
AAPL,100.51,998,99.55,177,98.08,597,99.35,593
GOOG,117.29,551,115.31,587,115.45,255
MSFT,101.93,311,101.22,416
GOOG,116.95,523,115.0,578,114.14,233
MSFT,99.44,702,98.55,101
AAPL,99.46,910
MSFT,98.49,891,100.15,742,100.4,978,99.88,702
AAPL,98.11,647
MSFT,100.96,551
MSFT,99.27,658
MSFT,98.19,693,98.91,205,98.24,359,98.74,965
TSLA,96.14,248,95.97,961,94.15,420,93.84,389
AMZN,131.95,888,130.9,446
AMZN,129.82,613,128.0,53,126.76,792,128.42,721
MSFT,99.85,737,100.57,143
AAPL,96.25,434,95.63,409
GOOG,115.19,516,116.39,75,118.31,846,118.67,758
AAPL,93.81,848,94.15,800,93.67,972
MSFT,101.75,998,101.11,966,102.76,708
AAPL,94.32,73
GOOG,118.69,232,120.5,489
AMZN,128.23,693
MSFT,103.81,594,104.44,102,103.34,596,102.65,139
AMZN,130.17,12,129.6,667,130.58,599,129.6,510
GOOG,121.11,429,121.94,54,123.85,603,122.41,779
AMZN,129.47,999,128.73,355
MSFT,104.15,76,102.26,506,102.52,924,101.75,477
TSLA,92.39,980,90.87,30
TSLA,92.56,201,93.89,411
TSLA,94.91,243,96.47,136
AMZN,130.57,58,131.84,189
AMZN,131.3,587,131.42,503
MSFT,99.97,53,98.32,355
AAPL,94.88,962
TSLA,95.15,593,96.43,554
AAPL,94.49,512,94.73,213,93.1,191,93.17,842
AMZN,132.76,14,132.2,264
AAPL,94.14,551,93.7,914,94.13,890,95.11,590
MSFT,99.44,895,101.24,428,102.71,230
AAPL,94.29,357,92.81,403
GOOG,121.83,90,120.04,376,120.39,411,122.01,844
TSLA,97.87,474
GOOG,120.16,961
MSFT,103.56,577
AAPL,93.87,414,93.6,317,94.55,433
GOOG,121.36,360,120.18,696,118.98,288,117.42,286
GOOG,115.94,326,116.89,238
MSFT,101.76,129,100.04,298
TSLA,98.94,490
AAPL,93.67,944
MSFT,99.43,429,100.61,827,100.41,353,99.52,644
TSLA,97.21,288,97.57,231,99.47,84
TSLA,101.31,435,101.63,452
MSFT,97.67,324,97.38,122,95.54,406,95.92,908
AMZN,131.5,587,132.93,964,130.98,628,132.3,921
AAPL,93.82,340
TSLA,101.36,829,102.66,231,104.11,655
GOOG,117.22,420,116.8,277
MSFT,94.06,47
AAPL,93.52,569,95.43,821
MSFT,94.3,846
GOOG,118.05,335,119.21,340,117.78,173
GOOG,118.27,854,119.01,649,119.06,149,119.04,578
AMZN,131.67,424,131.74,398
MSFT,94.97,664
TSLA,105.6,292,105.0,192,105.04,420,105.76,551
AAPL,95.95,890,97.13,204,97.16,57
MSFT,94.84,699,93.34,938
GOOG,119.91,655,118.07,261,116.18,647
AAPL,98.45,618,96.76,998,96.79,96,95.73,970
MSFT,93.42,184
AAPL,95.36,461,97.27,457,95.83,837
AAPL,95.04,653,93.08,11
TSLA,105.22,955,105.59,21,106.58,35
GOOG,117.74,539,117.35,753
AMZN,130.96,254
MSFT,94.66,506,93.29,813,92.98,634
TSLA,104.63,97,104.62,714
AAPL,91.44,805,91.73,347
MSFT,91.89,665,90.02,818,90.17,588,91.97,911
GOOG,115.94,408,114.5,515
AAPL,92.91,826
TSLA,106.49,68,107.39,136,105.65,723,106.21,21
AMZN,131.43,779,129.59,707
GOOG,112.51,570,111.24,367,111.85,854
GOOG,113.04,887,112.51,79,111.97,743
TSLA,104.38,26
AAPL,93.48,103,92.64,998
AAPL,93.08,586,94.03,562
AMZN,130.85,100,132.59,226,132.6,585
AAPL,95.53,783,95.57,511
AAPL,94.52,998,95.68,389,94.65,929,95.99,171
GOOG,110.38,329
MSFT,93.76,82,92.35,81,90.81,443,92.38,113
AMZN,131.14,607
AMZN,129.4,810,127.73,698
AAPL,97.09,341
GOOG,110.29,516
AMZN,126.24,181,126.27,374,125.37,841,127.06,78
AMZN,128.12,933,129.48,625
MSFT,92.11,534,90.87,245
AAPL,98.08,548
MSFT,92.26,117
GOOG,109.61,56,108.42,727
TSLA,103.65,807,102.83,685,103.85,881,103.68,805
AMZN,131.05,464,132.66,811,133.55,989,135.23,775
AAPL,98.68,760,99.84,143
TSLA,105.32,116,105.47,516,105.23,143
MSFT,90.36,128
AMZN,135.06,794,136.48,851,137.52,882,136.96,804
TSLA,106.96,902,108.75,668
GOOG,107.61,560,107.0,415,108.68,38,110.48,279
AMZN,135.07,578,135.82,286
AMZN,135.2,366,133.41,760
GOOG,109.47,335,109.72,144,111.07,122
TSLA,108.23,777
AMZN,135.11,25,134.75,813,136.05,77,136.72,18
GOOG,111.96,187,112.12,745,110.58,224
AMZN,135.72,870
AMZN,136.66,995,138.18,656
TSLA,108.24,798,109.23,782,107.95,618
TSLA,109.41,434,108.46,708,108.14,970,109.33,624
MSFT,88.41,545,87.47,427,85.69,631,83.75,360
GOOG,111.64,331
AMZN,137.73,374,139.66,973,141.07,386,141.03,74
GOOG,112.46,352
AMZN,142.05,464,143.73,836
MSFT,81.85,682,80.94,658,80.09,614
GOOG,112.99,178,112.8,305
AMZN,145.08,213,145.16,474
AAPL,100.78,942,98.87,637,100.23,360
GOOG,110.87,109,109.48,379,109.49,299,110.07,549
AMZN,144.46,546,145.31,295,143.89,458
MSFT,80.62,907,82.24,254,80.8,88
TSLA,110.77,133,108.8,643,107.51,408
TSLA,108.37,345,106.6,278
TSLA,108.11,164
MSFT,79.98,730,81.9,379,80.28,55,79.48,86
AMZN,144.14,152,144.34,951,143.89,82
TSLA,106.25,618,106.28,23
GOOG,111.31,78,109.62,545,111.03,623
AAPL,99.51,989,99.31,253,99.14,574
AMZN,143.17,478,143.13,805,141.34,13
AAPL,99.18,28,100.36,215,102.05,528
TSLA,106.18,416,108.06,59,107.8,263,108.24,995
GOOG,110.82,848
MSFT,79.16,58,81.08,591
MSFT,82.0,930,83.47,565,84.64,746
GOOG,110.75,566,111.16,264,111.83,771
GOOG,113.03,966
AMZN,139.62,865
MSFT,83.56,498,83.28,374,84.86,421
MSFT,86.71,212,84.73,862
MSFT,84.2,929,84.06,186,82.59,659,83.88,855
GOOG,111.28,516
AAPL,103.48,737,103.08,500
AMZN,138.85,722,139.96,440,140.46,356,138.81,645
AAPL,101.79,250
GOOG,109.33,296,110.13,57,110.28,34
MSFT,82.52,750
MSFT,81.12,176
GOOG,110.48,883,111.31,262,111.37,971
GOOG,112.6,629,113.82,877
AAPL,100.62,828
MSFT,81.31,387,80.71,724,81.23,635,79.47,499
GOOG,114.26,205,114.99,26,116.52,116
AMZN,139.02,862
AMZN,140.95,224,139.16,157,139.41,77,138.66,142
TSLA,108.63,44
AAPL,98.7,712,98.72,317,99.96,333,100.33,271
AAPL,100.73,14,101.11,689,101.06,802
TSLA,110.48,60
MSFT,78.06,94,79.58,188
AMZN,136.75,420,138.48,47,137.48,72
GOOG,115.78,796,114.57,183,114.82,489,116.53,212
MSFT,78.45,668,78.18,173,79.89,325
TSLA,110.81,692,112.22,661
AAPL,99.27,205,100.54,463
AAPL,101.81,808,101.67,23,102.27,355
AMZN,138.03,703,138.75,326
MSFT,78.34,20,77.99,562
AMZN,140.34,207,139.52,42,137.9,916,139.66,213
AAPL,100.77,724,101.51,260,100.61,847
MSFT,77.58,170,77.97,763,76.19,764,74.39,557
GOOG,117.8,996
TSLA,113.8,795,112.54,286
TSLA,113.05,147,112.0,311,112.14,218
MSFT,75.21,190,76.19,719
MSFT,75.96,683,76.16,570
AAPL,99.52,607,99.16,897,100.56,151,101.13,595
MSFT,77.62,629
MSFT,76.17,268,75.35,245
GOOG,118.77,349,119.47,897,118.77,316
AMZN,140.54,530,139.71,76
TSLA,110.78,402,109.87,806
GOOG,120.38,136,119.46,271
AMZN,138.05,521,136.44,747
AMZN,135.04,123,133.13,543,134.12,772
AMZN,133.33,830
MSFT,74.19,810,72.7,416
GOOG,120.92,106
MSFT,73.4,81,73.43,413,72.85,512
GOOG,121.83,49,121.55,607,123.38,770
AAPL,99.67,967,99.32,926,97.99,623,96.98,379
AMZN,134.24,320,133.5,355,134.31,86
AMZN,135.49,736,135.55,495,134.2,535
GOOG,122.97,362,123.53,559,122.11,552
AMZN,132.62,998,132.81,712
GOOG,123.62,301
MSFT,71.16,712,72.8,745,72.48,309
MSFT,73.08,279,72.78,252,72.74,414
AMZN,132.84,890,134.55,660
GOOG,125.48,999
TSLA,111.54,321,110.56,299
AAPL,97.06,186,95.6,82,95.22,742,94.74,894
GOOG,126.48,961,127.68,816,126.63,597
TSLA,109.24,36,110.06,46,110.63,833,110.97,582
GOOG,127.25,578
GOOG,128.55,124,129.84,951
AAPL,95.56,154,97.51,655
AAPL,99.07,721,99.71,786,99.33,740,97.63,106
GOOG,128.6,61,130.19,750,131.59,638,129.94,536
AMZN,136.32,942,138.04,266,136.95,418,135.62,734
AAPL,98.42,637,99.51,997,99.19,453
AAPL,98.17,823,98.7,78
GOOG,128.28,709,127.88,126,128.58,416
AAPL,97.63,233,96.69,12,98.52,601,99.45,116
AMZN,134.72,676,135.62,835,136.07,589
AAPL,97.5,263
GOOG,127.1,331,126.84,325,128.41,590,129.48,670
AMZN,136.14,176,136.34,958,138.15,809
AMZN,140.05,85,139.02,53
AAPL,98.57,76,98.73,723,98.62,897
GOOG,127.99,180,127.16,366,126.08,974
AMZN,140.24,527,139.35,869
AMZN,139.56,248,139.06,402
AMZN,137.2,566,137.87,837,138.42,122
AAPL,97.12,764,96.53,478,94.71,34,93.98,652
GOOG,124.32,750,123.92,312,125.35,277
GOOG,125.81,792,126.12,944,127.99,684,128.08,393
AMZN,138.48,44,137.93,830
MSFT,73.88,403
TSLA,112.64,665,111.88,721
TSLA,113.59,457,111.63,639,112.45,558,114.22,891
MSFT,75.45,774,76.88,506,77.34,658,78.47,650
GOOG,128.51,257,130.42,609
MSFT,76.5,1000,77.63,218,78.74,298
AAPL,92.85,477,91.17,50,90.96,344,92.33,775
GOOG,128.77,450
AAPL,92.34,137,93.21,626
MSFT,80.08,190
GOOG,128.22,20,127.3,199,128.21,362,127.94,22
AMZN,138.1,604,136.96,984
AAPL,91.98,932,90.38,459,90.01,66
TSLA,112.99,587,113.99,114
TSLA,113.97,587,112.81,595,111.34,62
MSFT,78.81,89,76.85,233,78.53,71
AAPL,91.46,104,92.35,307,91.43,824
TSLA,109.35,79,110.54,195,111.77,769
AMZN,138.83,197,140.07,64,139.88,202,140.54,801
TSLA,112.72,831,111.58,133,112.58,698
GOOG,127.42,428,126.11,737,125.68,433,126.38,873
GOOG,125.96,938,125.67,751,125.52,515
MSFT,79.61,746,77.73,146
MSFT,76.74,708
MSFT,74.87,321
MSFT,76.66,904,76.77,399,77.03,480
TSLA,113.16,296
TSLA,113.44,616,114.73,964,114.51,395
GOOG,126.82,132,124.82,531,123.18,862,121.56,290
AAPL,89.55,553,89.25,311,90.25,311,89.3,269
TSLA,112.9,377,112.52,906
AAPL,89.64,343
AAPL,89.4,727,90.67,512
MSFT,77.04,236,75.74,176,77.1,85
AAPL,90.07,634,89.37,951
AMZN,140.66,451,139.2,558,141.0,496
GOOG,122.48,573,123.08,253,124.62,407,123.0,891
TSLA,110.93,165,111.55,852
AAPL,88.12,615
AMZN,140.77,900
GOOG,125.0,165
MSFT,77.19,190,76.78,852
AAPL,88.73,748
GOOG,125.78,169,126.36,612
AMZN,140.58,634,138.72,290,138.39,599,140.37,650
GOOG,126.82,855,125.33,281,123.55,551,124.14,272
AMZN,140.9,153
GOOG,124.98,451,126.92,823,128.88,179,130.3,187
TSLA,111.46,124,112.66,835,111.71,811
AAPL,87.1,881,86.9,191,86.21,951
MSFT,76.52,166
AAPL,87.73,803,87.09,693,85.57,870,84.08,112
TSLA,112.0,93,113.34,379,114.5,410
GOOG,130.75,928,131.44,690
TSLA,112.8,596,113.11,382
AAPL,82.61,601,82.54,489,83.62,512
TSLA,112.03,775,111.38,495
AMZN,139.08,710,138.8,905,140.25,362
AAPL,84.79,701,84.52,507,85.63,622
TSLA,112.99,346,113.37,649,114.26,381
GOOG,130.75,856,130.2,387,131.15,859
MSFT,77.88,600,77.7,309,77.38,625
GOOG,130.72,704
AMZN,139.49,691,140.12,757
GOOG,131.92,800,129.93,540,131.11,401,129.4,347
MSFT,77.76,178,78.63,244,77.35,873,76.09,51
TSLA,114.06,910,114.54,656
TSLA,113.06,535,112.14,715
TSLA,112.11,47,110.8,209
GOOG,130.97,903,132.35,989,133.22,390,132.29,673
GOOG,132.52,967
GOOG,130.96,670,131.95,834,130.58,661
TSLA,109.3,549,111.14,671,112.89,825
AMZN,139.46,330,138.67,276
GOOG,131.77,646,132.4,697
GOOG,132.72,61
MSFT,75.18,507,73.25,213,73.04,606,72.15,936
AAPL,85.98,392,85.05,354,83.83,464,83.41,190
MSFT,70.18,568
AAPL,84.68,805,83.06,632
TSLA,111.87,552,111.73,989,112.2,295,112.78,475
AMZN,138.47,964
MSFT,72.03,910,73.96,255
TSLA,114.66,142,115.04,293,116.29,635,117.79,642
MSFT,74.65,735,74.31,182
GOOG,134.3,666,133.65,531
GOOG,135.32,153,136.72,889,136.27,278,135.58,985
TSLA,117.31,287,115.48,439,116.27,54
MSFT,75.84,855,75.62,330
AMZN,138.75,744,140.71,115,139.62,490
TSLA,117.96,583,119.16,150
AMZN,140.58,927,142.05,903,142.41,913
MSFT,76.22,336,77.82,182
MSFT,76.12,205
AAPL,82.06,986,81.02,36,83.01,253
MSFT,76.09,693,75.45,939,75.86,258,77.59,351
TSLA,118.48,767,118.24,691,117.42,840
TSLA,116.15,332,118.15,454
AAPL,84.98,208,83.22,94,84.88,596
GOOG,136.03,606,134.78,131
AMZN,141.47,615
AMZN,140.27,119
AMZN,139.26,162,139.84,214
AAPL,83.56,548
AAPL,83.37,490
GOOG,133.82,755,134.45,878,133.82,501
MSFT,77.96,611
GOOG,132.66,993,131.51,614,132.5,625,133.47,759
GOOG,132.83,460,133.95,859,132.65,482
GOOG,132.77,921
AAPL,82.16,635,83.18,729
AMZN,139.22,432,137.78,772,138.36,499,136.61,791
AMZN,135.38,396,134.49,106
TSLA,118.2,66,116.91,256,117.54,766,115.57,805
AAPL,83.38,326,84.18,447,85.26,431,86.29,514
AAPL,86.95,360,86.26,204,84.69,839,85.39,964
GOOG,131.26,982,132.56,545
TSLA,114.18,370,114.57,245,114.05,794
MSFT,79.83,228,79.46,385
AAPL,86.73,855
MSFT,79.18,353
MSFT,79.58,779
TSLA,114.01,766,114.46,553
AAPL,87.0,187,86.68,439
MSFT,79.53,936
TSLA,112.68,304,111.2,25
TSLA,109.92,24,111.03,496
AAPL,88.43,305
AAPL,86.77,669,87.37,272,89.06,364,90.37,351
AMZN,132.98,96
AAPL,91.85,821,93.53,847,95.08,673,95.15,599
AAPL,93.16,696
MSFT,78.47,850
AMZN,132.02,917,132.64,26,132.66,586,131.79,946
TSLA,111.41,653
GOOG,131.17,755,130.98,987,129.17,58
AAPL,94.57,252,96.29,347,95.67,664,96.39,590
AAPL,98.09,453,98.96,536,98.7,835
GOOG,130.99,373
TSLA,110.92,892,112.19,481,113.5,142
GOOG,131.83,473,130.77,859,130.52,412,131.82,426
GOOG,133.23,706,132.09,388,133.59,318,131.78,942
TSLA,112.02,196,113.55,757
AMZN,130.81,851,128.94,184,130.18,172,132.12,609
AMZN,133.33,755,134.15,590,135.14,354,133.16,129
MSFT,76.56,243,76.13,475,77.06,842
TSLA,111.71,459
AAPL,97.64,956,97.71,827,97.9,253
MSFT,76.24,633,76.98,962,75.66,166,76.36,788
GOOG,131.53,580,131.52,372
MSFT,78.01,433,77.21,364
AAPL,95.98,746,96.99,295
AAPL,98.59,968,99.46,623,100.53,322
MSFT,75.62,277,76.31,411
MSFT,75.24,23,77.23,406,78.13,712,79.98,747
TSLA,110.02,623
AMZN,133.64,32
GOOG,132.19,840,131.63,401
AMZN,134.13,764,135.91,180,137.17,128
GOOG,129.64,10,127.98,791,127.37,109
AMZN,136.0,543
AMZN,137.56,175,137.07,759,135.73,721
GOOG,127.4,273,126.02,703,126.88,102,127.7,951
GOOG,128.27,740,127.99,691,126.17,209,126.04,794
AMZN,134.23,449,134.37,454,133.09,646
GOOG,124.38,800
GOOG,125.18,585,126.45,535
AAPL,100.8,438,101.0,286,99.08,248
MSFT,78.18,770,76.56,680,76.52,226,76.57,357
AAPL,99.17,729
AAPL,97.54,298,96.44,294
MSFT,75.57,414,77.18,727,77.63,11
AAPL,95.84,712,97.05,717,97.08,388
TSLA,108.88,404
TSLA,108.16,815,109.8,761,108.31,514
AMZN,131.91,704,132.59,253,132.16,459
AAPL,97.84,724,97.33,521,97.47,124,98.4,351
AMZN,132.94,970
AMZN,133.08,223,133.6,461,135.38,509
GOOG,124.55,493,126.47,611
TSLA,109.14,437
MSFT,76.74,990,75.64,857,74.74,102
AMZN,134.33,95,135.86,215,135.83,74
AAPL,97.42,697,97.01,442
TSLA,108.03,477,108.08,53,108.16,721
GOOG,126.96,321
AAPL,97.61,202,98.27,732
AMZN,136.78,764,138.16,335,137.97,177
MSFT,74.5,85,74.41,78,73.1,638
TSLA,107.53,56,106.38,458,104.75,255
TSLA,102.89,748
AMZN,138.44,243,140.21,149,141.43,876,142.5,201
MSFT,74.41,224,73.9,798
MSFT,75.33,735,73.96,486,75.7,903,76.27,366
MSFT,77.72,510,78.05,651
AAPL,96.85,773,97.98,831,97.27,291
TSLA,102.94,98,102.16,584,102.09,369,100.65,965
AMZN,142.8,416,142.01,196,140.52,768,138.74,271
TSLA,100.45,625,100.7,933,100.79,500
GOOG,125.5,312
GOOG,125.31,88,126.23,634,127.35,153,126.59,952
MSFT,77.7,694,78.26,453
TSLA,101.92,400
MSFT,77.56,927
MSFT,77.78,311,77.71,63
MSFT,77.52,156
GOOG,126.37,882,127.15,257,127.48,232,128.09,578
GOOG,129.6,321,127.86,155,128.86,353
AMZN,138.71,46,137.46,626
AMZN,136.18,966
AMZN,136.08,17,135.29,886
MSFT,76.69,800,77.35,139
MSFT,78.09,866,76.73,697,78.06,941
TSLA,100.44,684,100.47,70,102.19,596,101.42,990
MSFT,79.55,44,78.53,788,77.15,515
GOOG,127.48,893
GOOG,129.15,316,130.83,683,132.71,16
TSLA,101.7,376,99.84,364,99.42,409
MSFT,78.04,427
TSLA,98.08,313
GOOG,133.31,540,132.41,701,133.83,891,134.46,671
MSFT,77.98,543,76.5,117,77.49,878,75.79,900
AAPL,95.41,870,94.07,231,94.91,967
AMZN,134.44,898
TSLA,97.37,871,98.09,754,99.27,526,100.15,934
AMZN,134.92,612
AAPL,94.7,775,95.85,177,94.12,828
AAPL,95.9,98,97.59,569
AAPL,97.09,468,95.71,770,96.02,527,95.48,661
MSFT,75.01,837
MSFT,74.09,777
AMZN,135.48,391
TSLA,100.3,838,102.0,963,100.6,857
GOOG,133.84,490,134.37,366,136.21,341,134.83,819
AAPL,96.15,126,94.17,304,94.15,161
AMZN,133.82,873
GOOG,133.06,720,134.44,640,136.34,208,137.99,671
TSLA,99.73,812,98.51,174
AAPL,96.04,28,95.72,29,95.24,597,93.4,764
AMZN,132.53,312,132.23,471,133.65,334
TSLA,99.72,989,100.17,229
TSLA,98.76,400,98.77,714,99.62,819
TSLA,99.65,992
GOOG,136.59,449
AAPL,92.19,610,91.8,46
MSFT,72.25,768,70.82,341
GOOG,136.52,399,135.18,630
MSFT,69.28,464,69.15,588,67.19,367
AAPL,91.97,836
AAPL,90.47,894,88.57,875,87.38,182,87.83,799
MSFT,68.74,204,67.27,335
MSFT,68.87,746,67.28,217
GOOG,136.93,991,137.82,763,136.87,597,135.3,27
TSLA,100.8,912
AMZN,135.55,700,134.5,645,133.13,803,133.59,689
AAPL,87.64,744,89.48,912,89.52,40,90.74,819
AMZN,135.22,500,135.39,211,135.55,853
MSFT,68.41,535,67.3,103
GOOG,134.15,928,134.29,150,134.7,710,135.23,941
MSFT,66.65,519,65.3,50,66.16,906,67.9,327
AMZN,136.89,75,138.19,777
AMZN,138.58,456,136.95,1000,135.84,234
AAPL,90.21,453,92.09,467,94.02,762
GOOG,135.69,675
AAPL,94.27,467,93.88,800,92.66,784,91.77,85
AAPL,92.24,986,91.7,394,89.86,997
TSLA,102.2,938
AAPL,91.36,848,89.47,807
TSLA,100.6,997,99.89,959,99.24,234
MSFT,67.6,889,68.55,950
GOOG,134.36,176
AAPL,89.3,581,88.94,240,87.43,800
TSLA,98.25,281,99.19,946,98.77,400
GOOG,136.26,81,134.28,219
AAPL,86.86,151
GOOG,135.31,919,135.77,312,134.92,16
AMZN,137.07,990,138.99,293,140.92,129
MSFT,68.49,597,69.92,161,71.08,623
MSFT,71.76,988,70.58,254
GOOG,135.48,296,133.6,258,133.84,764
GOOG,132.1,968,131.51,210
AMZN,140.56,333,138.87,773,138.73,972,137.94,365
MSFT,69.93,423
GOOG,133.47,566,134.89,255
GOOG,134.04,32,132.47,496,132.62,668,131.3,51
MSFT,70.9,206,72.29,45
TSLA,98.29,448
AAPL,88.76,844,88.71,221,87.49,636,88.88,808
AMZN,138.1,766,138.94,594,137.88,758,137.6,594
TSLA,97.87,505,97.84,462,97.25,475,98.06,477
MSFT,73.81,544,74.83,119,73.99,10,73.72,223
GOOG,131.19,390,129.48,265,131.26,391
AMZN,136.17,319,135.52,519,136.46,839,135.07,452
AAPL,88.75,447,88.07,718,87.08,961,87.21,754
MSFT,72.03,650,71.93,767,71.83,675,72.35,827
AAPL,87.62,144,86.23,394
MSFT,73.36,862,75.15,880,73.4,794,71.67,575
AAPL,86.09,523,87.47,352,88.95,666
AAPL,87.52,696,86.42,35
TSLA,98.51,778
AMZN,134.63,944,135.47,519
AAPL,86.16,295,88.16,933
GOOG,129.96,612,129.85,657,130.69,924,132.25,707
AMZN,136.59,508,135.99,61,137.08,365,135.5,153
TSLA,97.56,98,99.37,790
MSFT,70.29,556,69.59,928,68.37,641
TSLA,99.4,731
GOOG,130.42,11,131.04,941,132.4,181,134.36,237
TSLA,100.95,907,100.12,529
AAPL,89.29,386
GOOG,132.73,837
AAPL,88.57,135,87.26,936,88.63,978
GOOG,133.75,914,132.09,396
MSFT,69.01,30,69.5,211,70.57,259
MSFT,68.78,804
MSFT,67.47,160,68.12,853,70.01,533
AAPL,87.22,578
GOOG,131.89,558,132.67,686,132.83,46,134.6,843
TSLA,99.78,250,98.54,307,99.58,362
TSLA,100.04,187,101.52,406
AAPL,89.19,51
AAPL,91.15,93,91.18,42,90.91,38,90.81,408
AMZN,137.5,879,137.93,23
AAPL,92.02,860,91.52,884
AAPL,92.76,458,92.76,938,93.85,417,93.1,396
AAPL,91.34,987,92.69,159,92.63,41
GOOG,135.7,793,135.89,755,137.48,744,136.15,675
MSFT,69.05,187
AAPL,91.0,351,92.85,70
AAPL,92.98,415
AAPL,91.32,851,92.61,910
TSLA,100.64,503,100.23,861,98.9,720
TSLA,100.24,128
AMZN,136.82,555,136.73,587,136.54,601,135.27,668
GOOG,137.66,43
AAPL,91.15,435,91.7,750,91.26,756,90.95,582
GOOG,137.26,321
AAPL,89.32,44,89.4,139
TSLA,102.12,498,103.53,674,103.31,675
MSFT,67.72,436,67.73,313,69.1,390,69.28,621
GOOG,137.78,298
AAPL,87.98,27,87.73,985,86.35,958,87.13,676
AAPL,85.39,760,86.78,886,86.39,690
MSFT,69.19,635
GOOG,138.55,515
AAPL,87.2,552,86.44,260,87.51,965
MSFT,69.93,545,67.94,249
GOOG,140.16,107,141.59,137,142.77,438,141.89,788
GOOG,142.46,328
AAPL,85.73,974,86.18,784,86.24,175,86.85,230
TSLA,104.69,231,105.45,356,107.04,329
GOOG,141.73,561,143.6,34
AMZN,137.19,438,137.36,125,136.1,854,135.1,31
TSLA,106.65,485
AMZN,133.82,836
MSFT,68.34,113,68.17,298,69.52,957,67.88,510
MSFT,68.57,576,68.8,845,68.36,303
TSLA,105.65,999,105.41,833,105.12,924,103.25,908
AMZN,134.63,129,133.44,55,135.03,453
AAPL,85.72,85,87.05,460,87.71,299
MSFT,70.35,72,71.03,761
AMZN,133.63,41
AMZN,134.2,407,133.18,757,132.25,319,131.65,621
AMZN,132.82,185,134.58,252,132.69,349,133.48,199
TSLA,102.06,849,100.65,110,102.0,411
AAPL,88.27,980,88.19,266
MSFT,69.57,266,70.83,280
AAPL,88.6,801,90.22,706,88.59,557,87.5,44
MSFT,72.45,154,74.4,619,72.57,200,70.6,859
AAPL,87.08,312
TSLA,101.03,702
GOOG,144.6,555,144.08,613
GOOG,143.59,1000,144.24,520,144.13,41,142.39,94
TSLA,100.79,198,99.87,677,98.87,847
MSFT,69.89,840,68.86,700
GOOG,141.15,519,142.4,109,143.2,726
MSFT,69.67,319,69.09,805
AAPL,87.76,299
AMZN,134.34,492,134.92,440,136.46,991,137.23,539
MSFT,68.34,376,69.74,607
AAPL,88.41,28,89.56,963,88.46,887
MSFT,71.51,87,71.93,220,71.73,122
AAPL,88.58,158,89.43,135,89.81,869
GOOG,144.88,831,144.01,959,142.69,742,141.53,428
AAPL,91.33,478,92.72,147,92.53,974
TSLA,99.16,569,97.42,515,96.67,650,95.38,260
AAPL,92.76,624,94.47,324
MSFT,73.63,15
TSLA,95.17,975,94.38,295
GOOG,140.05,447,141.06,423,139.71,313,140.78,152
AMZN,136.95,213,136.72,402
MSFT,75.07,138,74.2,279,72.44,266,70.87,84
AAPL,96.29,285,94.93,62,95.67,553
AMZN,138.17,767
AMZN,138.3,596,137.37,637,136.27,928,137.5,751
GOOG,139.55,638
AMZN,137.81,228,138.58,373,139.32,720,141.24,570
AMZN,142.16,205,143.18,562,142.08,364
AAPL,96.14,911,97.48,273
GOOG,137.63,799,136.88,760,138.07,73
TSLA,95.91,213,95.34,794
AAPL,95.49,895
MSFT,72.02,687,71.21,162,70.9,349,69.7,734
AMZN,142.34,327,140.52,441
TSLA,93.64,375,93.25,436
AMZN,140.4,33,142.24,801,143.99,814,142.49,791
MSFT,70.12,84,68.21,580,69.81,708
GOOG,138.57,190,136.62,588
GOOG,136.6,835,134.9,859,136.81,533,137.7,908
AAPL,94.15,153,93.19,666,91.6,733
AAPL,91.71,672
AMZN,141.5,417,142.94,501
GOOG,137.42,583
AAPL,91.79,642,93.51,603,92.56,256
MSFT,70.91,276,72.1,502
GOOG,138.54,94,140.37,960,141.64,805
TSLA,93.49,850
AAPL,90.68,887,90.99,750,91.57,243
AMZN,141.64,603,142.29,116,143.39,291
GOOG,139.75,364
AAPL,91.68,349,90.35,827,91.94,840,93.46,288
TSLA,92.61,874,92.58,247,93.4,168,92.97,223
TSLA,91.28,400,89.81,830
AMZN,144.18,35,144.89,641,143.26,452,141.72,714
AAPL,92.56,165,93.07,155
TSLA,91.03,218,92.77,836,92.84,345
MSFT,71.67,498,72.95,181
GOOG,139.21,375,137.39,832,138.98,178
AAPL,93.42,911,92.23,239,94.13,884,93.28,427
GOOG,137.37,259,138.56,772,140.22,723
MSFT,71.79,587
GOOG,139.3,700,137.82,461,138.51,305
TSLA,91.66,21,90.78,609
AMZN,141.59,917
MSFT,71.94,904,73.01,66
AAPL,93.55,347
AMZN,140.52,106,140.38,823,141.38,846,140.64,17
AAPL,94.36,40
AAPL,93.12,550,92.62,240,91.56,541
AAPL,92.13,579,91.69,558
MSFT,72.49,330,71.16,455
TSLA,91.0,573,90.45,534,89.78,681
MSFT,70.32,324,72.11,369,73.41,425
MSFT,73.58,322
AMZN,140.2,109
AAPL,93.24,383,93.49,49,93.91,127
TSLA,88.58,357
TSLA,86.95,927,88.9,603
GOOG,139.92,183,141.8,599,143.04,622
GOOG,142.47,719
GOOG,141.06,384,142.96,35,144.75,288,145.88,264
AAPL,95.32,334,94.51,31,93.91,548,92.04,873
MSFT,73.19,81,75.02,559,76.93,678
AAPL,92.78,68,91.22,324
MSFT,78.2,658
TSLA,87.66,46,87.62,881,87.61,495,87.48,453
MSFT,77.33,898,77.06,195
AAPL,91.64,184,91.52,976,90.33,78,90.6,779
GOOG,147.29,215,147.24,508,146.23,377
AMZN,142.17,56
AAPL,91.17,35,90.28,937
GOOG,145.36,72
AMZN,141.76,423,140.34,812,139.57,227
MSFT,77.65,308,76.21,656,75.64,988,77.39,620
GOOG,146.05,800,146.74,996,145.26,855,144.91,628
AAPL,88.81,72
GOOG,143.38,176,142.93,277
AAPL,88.01,149,87.34,110,86.89,299
TSLA,88.34,689
TSLA,89.28,884,88.95,951,87.73,679,85.98,276
AAPL,87.77,655
MSFT,75.88,932
AAPL,86.8,451
AMZN,140.33,911,138.38,861
AMZN,139.1,844
AMZN,137.35,917,139.23,781,139.62,609,140.48,292
AMZN,141.69,616,143.2,422
TSLA,84.22,912,86.11,385,87.26,256
MSFT,74.82,134,75.9,849,75.14,320
AMZN,144.23,642,143.26,204,143.1,899,143.88,215
TSLA,85.95,83,86.36,187
AMZN,142.31,529
AMZN,144.22,851,144.15,260,142.44,974,141.48,452
GOOG,141.39,556,142.35,561,143.23,166
AMZN,143.14,275,142.51,294,143.07,984
GOOG,142.93,362
TSLA,87.49,10,86.5,746,85.25,507
TSLA,84.89,164
AMZN,142.26,772,143.16,810,141.91,344
GOOG,142.47,497,143.32,118,143.73,770
MSFT,74.78,22,74.72,383
GOOG,142.46,251,144.18,660,145.96,377,144.87,295
MSFT,73.34,607,73.95,168
AAPL,87.65,430,87.61,774,87.97,852,86.36,517
MSFT,73.86,943,72.05,699,70.59,686
TSLA,83.46,444
GOOG,144.7,51,144.02,277,144.84,389,146.21,480
GOOG,147.97,509,149.0,142,150.9,232,150.84,818
TSLA,85.01,219,86.27,82,85.34,60
TSLA,86.57,614,85.92,158,87.22,273
AAPL,85.59,156,86.11,98,84.36,790,83.15,783
AAPL,81.76,634,81.26,414,81.63,495
GOOG,149.43,768,148.06,15,149.32,16,151.09,395
MSFT,69.86,57,71.33,959,72.45,733
AMZN,141.53,484,141.21,805,141.54,498
TSLA,87.73,968
AMZN,140.3,318,141.78,622
MSFT,74.05,124,73.33,668,73.71,263
AAPL,82.13,296,83.3,537
TSLA,88.87,862,87.44,410,87.67,168,88.99,340
MSFT,74.99,322,74.95,381,73.33,513
MSFT,72.92,573,71.42,882
AAPL,84.45,920,85.19,20
AAPL,85.97,847,86.88,883,88.12,522
GOOG,152.68,118,153.59,394,152.58,91
AAPL,86.86,871,86.04,154,84.15,592,85.93,805
MSFT,72.33,29
AMZN,142.83,690
GOOG,152.31,580,152.91,433
AMZN,143.25,494,144.95,126,146.11,831,146.42,861
AAPL,83.98,914
AAPL,85.47,148,83.72,816,85.09,663
AMZN,147.46,501,146.54,501
AAPL,86.17,644,87.55,310,88.98,397
AMZN,146.95,361,148.65,645
GOOG,152.22,266
AAPL,89.15,787
GOOG,151.22,573,150.65,327,150.26,96
AAPL,90.0,170,88.26,282,87.13,795,87.33,851
AAPL,87.3,959
GOOG,149.49,634
TSLA,88.06,785,86.47,923,84.67,226,84.81,24
TSLA,83.84,405,85.74,566
MSFT,73.6,26,75.46,979
MSFT,74.98,723,73.44,854,71.77,117
MSFT,71.93,363
MSFT,72.3,510
MSFT,71.9,220
AAPL,88.54,185
AMZN,146.98,53,145.36,456
MSFT,70.12,447
AMZN,146.28,488
MSFT,70.82,987,72.54,289,70.61,350,70.31,54
AMZN,146.75,870
GOOG,148.58,908,148.04,386,146.74,158
AMZN,145.54,947,144.7,509
TSLA,86.13,782,86.07,816,86.83,274,88.32,324
AAPL,88.51,183,88.06,419
MSFT,70.58,703,69.67,440,69.32,544,70.74,378
AAPL,87.27,825,86.74,675
MSFT,70.44,247,68.96,33,68.94,496
AMZN,146.13,143,145.29,186
TSLA,88.31,445,88.61,931,88.83,623
GOOG,147.1,113
MSFT,70.01,593
TSLA,89.77,421
AAPL,85.47,663,83.76,165
AMZN,147.12,545,146.65,630
AMZN,145.71,274,147.02,242
AAPL,83.45,761,83.39,504
TSLA,88.16,111,86.29,779,86.01,124
GOOG,146.28,553,147.28,338,148.73,936,148.51,29
AMZN,148.84,903,150.35,699,152.23,632,151.76,560
AAPL,82.73,399
AMZN,149.77,595
AAPL,82.17,305,83.25,825,82.74,741,81.65,414
MSFT,69.43,241,70.64,917,70.18,511
AMZN,150.13,242
GOOG,150.0,415
GOOG,149.43,653,149.58,776,151.51,495
TSLA,85.12,859,86.4,165,86.71,205
AAPL,81.56,812,82.98,793,81.32,546,81.21,795
MSFT,69.24,910,69.64,448,68.66,235
TSLA,87.73,748,87.21,656
GOOG,150.47,911,149.02,960,147.71,111,146.28,558
AMZN,149.63,751,151.02,239,151.71,661,153.21,225
GOOG,145.89,104,147.57,80,145.76,53
MSFT,67.63,421
AAPL,83.21,549,83.13,909,82.81,319
MSFT,69.12,46,67.41,779
MSFT,66.19,625,67.29,960,68.56,908,68.81,771
AAPL,84.21,674,83.67,260,84.82,932
TSLA,88.47,764,88.76,92,88.31,730,89.04,733
TSLA,87.24,892,85.86,81,86.55,800
MSFT,66.94,889,68.56,418,67.16,338
TSLA,87.83,225,86.33,48,86.02,631,87.07,877
GOOG,145.57,723,146.82,172,147.65,663,148.55,974
AAPL,83.81,585,84.26,619,82.28,270
GOOG,149.91,48,151.89,28,151.09,573
TSLA,88.1,232,89.7,919
AMZN,153.68,571,152.43,322,150.97,275,151.46,391
MSFT,66.14,667,68.03,807,68.88,535
AAPL,80.46,191,82.34,635
GOOG,152.79,272
AAPL,80.53,532,82.28,946
TSLA,91.18,554,90.86,189,91.28,285
MSFT,68.67,118,67.49,825,67.98,699,67.84,89
GOOG,152.45,550,153.52,170,153.48,241
MSFT,69.19,69,67.66,227
MSFT,66.94,198,65.26,338
AMZN,149.74,582,149.81,743,149.21,671
AAPL,80.92,489
AMZN,148.82,586,147.91,931,147.85,50,146.05,965
GOOG,152.28,771,151.16,199,149.16,402,149.95,71
AMZN,146.5,626,145.07,692
AAPL,79.22,331,80.17,338,78.41,745
MSFT,64.25,481,63.95,649,62.15,641,63.37,395
GOOG,149.78,71,151.03,769
TSLA,91.6,631,92.2,907,91.81,875
MSFT,61.83,474,61.6,767,62.6,887,64.42,329
AMZN,146.32,155,146.75,645,148.38,113,148.44,406
AMZN,147.76,99,146.34,708
TSLA,93.0,852
AMZN,146.14,37,146.81,704,145.4,48,145.76,146
TSLA,91.93,469,90.22,28
MSFT,64.11,169,65.35,386,64.41,661
AAPL,77.37,600,78.34,873,79.25,777
AAPL,80.06,433,81.18,107,81.67,410
AMZN,147.55,867,146.25,119,145.49,982,146.12,594
AAPL,81.06,151,80.1,869,80.57,572
AMZN,144.96,151,143.27,874,143.42,841,144.52,535
TSLA,88.57,237
AAPL,81.4,916,80.45,203,81.48,979
AAPL,83.14,132,84.69,289,84.43,269
AAPL,82.98,455,84.68,605
AAPL,86.14,10
MSFT,66.02,707,66.42,562
AMZN,144.4,487,145.41,386,145.53,503
GOOG,151.52,810,150.47,646,149.03,889,150.72,877
TSLA,87.7,960,86.99,195,85.04,560,86.3,398
GOOG,150.3,410,149.0,857,150.77,250
TSLA,85.5,909,86.6,127
AMZN,145.28,895,145.72,120
MSFT,67.0,558,65.09,701
TSLA,86.32,147,86.3,474,87.19,409,87.39,541
GOOG,149.9,501,149.72,521,148.28,209
TSLA,86.28,1000
MSFT,66.95,610,68.26,20,70.02,64,69.69,355
GOOG,148.33,322
MSFT,71.53,954,72.78,453
AAPL,84.36,614,84.81,959,86.6,631
MSFT,71.11,60,72.13,283
AMZN,144.16,199,145.06,275,146.17,191
TSLA,85.19,536,83.63,627,84.69,562
AMZN,145.99,521,146.53,502
TSLA,84.37,718,85.04,686
TSLA,84.77,979,86.21,699,84.88,598
AMZN,148.22,180
AMZN,149.7,194,150.3,324,148.76,67
GOOG,146.53,165,145.17,934
TSLA,85.76,920,87.56,693
GOOG,144.34,656,143.41,51
MSFT,73.24,995
AMZN,149.55,470,150.66,843,151.65,660
MSFT,73.43,671,73.01,230,73.65,384
AMZN,152.63,340
AMZN,152.73,12,152.72,201,152.81,926
TSLA,86.32,23
AMZN,153.63,569,154.7,335,154.16,115
AMZN,152.81,223,151.15,159,151.77,44
AMZN,149.99,444,149.52,96,150.02,11
TSLA,84.85,112,86.06,759,87.97,453,89.41,256
AAPL,87.42,366,87.42,71,85.76,153,87.63,229
AAPL,86.14,455,86.12,51,87.95,515,86.27,299
AAPL,86.61,437,84.96,31
TSLA,91.01,809,89.7,990
TSLA,91.37,809,90.93,723
MSFT,75.54,467
GOOG,142.16,559,142.77,942
MSFT,74.61,344,75.77,711
AMZN,149.49,792
MSFT,75.05,137,73.27,424,71.28,387
AMZN,147.88,785
TSLA,92.41,92,92.0,214,92.46,826
TSLA,90.81,399,90.65,109,89.1,172,89.11,793
AMZN,149.33,459,149.25,659,147.73,516,147.86,756
AMZN,148.15,456,146.52,130
AMZN,145.16,210,144.39,759,143.53,295
AMZN,145.47,421,146.85,505,148.17,561,149.24,668
TSLA,90.54,311,89.36,916,88.1,978
AAPL,86.03,909,85.25,482,84.6,969
AMZN,151.08,400,149.47,709,148.87,690
AAPL,83.2,880
TSLA,89.71,494
AMZN,146.99,81,145.32,153,143.61,136,141.93,885
GOOG,142.16,783
TSLA,89.67,738,89.51,223
TSLA,88.87,940,87.77,216,87.83,498
TSLA,88.87,322,86.99,801
AMZN,139.99,251
GOOG,140.46,770,141.58,429
AAPL,81.67,156
AMZN,138.6,707,138.74,952
AMZN,139.61,503
MSFT,70.57,460,70.23,610
MSFT,68.36,710,70.03,889,71.02,132,69.71,813
MSFT,69.51,978,71.29,45,70.66,706,70.1,756
AAPL,82.09,712,83.16,793
GOOG,142.95,106
MSFT,68.66,139,70.55,61
GOOG,143.48,379
TSLA,85.61,779,83.97,347,84.34,222,85.04,286
AMZN,140.37,898,139.41,459,140.01,395,140.43,781
AAPL,81.64,76,81.05,646,80.03,213,79.57,419
AMZN,138.64,999,138.86,67,140.39,439,139.57,887
TSLA,85.97,957,87.0,421,87.09,924,88.47,601
MSFT,71.18,699
AAPL,79.71,315,79.28,510,78.65,832
TSLA,87.52,566,87.7,272,85.75,845
GOOG,141.99,82,143.72,973
TSLA,86.12,214,86.45,762
GOOG,143.26,440,143.08,652,144.2,639,142.64,510
AMZN,139.0,606,138.9,588,139.37,745
MSFT,69.83,228,69.2,421,70.18,844
MSFT,70.92,531,71.98,599,71.53,510,73.0,138
TSLA,86.18,595,85.76,210,84.05,663,84.88,682
AMZN,140.57,77,140.31,876,140.99,262,142.64,871
GOOG,141.86,315,140.37,688,141.28,177,140.64,840
AAPL,77.08,357,75.27,236,75.19,532
AAPL,74.42,548
TSLA,82.96,409,81.96,706
MSFT,73.84,802,74.05,534,72.43,532
AMZN,143.69,62,142.06,344,140.56,919
TSLA,83.17,806
MSFT,73.22,163,74.15,55,73.41,90
GOOG,139.98,476,141.46,887
MSFT,74.45,968,73.51,437,75.34,92
AAPL,72.69,748
AMZN,141.65,769,140.07,444
MSFT,74.83,30
AAPL,73.41,421
AAPL,73.41,44
AAPL,74.25,173
MSFT,74.91,707,76.46,209
MSFT,78.0,121
AAPL,75.29,32,76.28,608
GOOG,143.04,291,142.3,463
TSLA,84.63,110,85.85,657,84.27,189,83.94,210
GOOG,140.43,357,139.6,721,141.29,37
AAPL,77.7,204,79.23,238,81.19,521
AAPL,82.82,888,81.47,901
MSFT,79.04,250,79.37,894
GOOG,142.9,574,144.51,347
AAPL,80.18,495,81.66,313,82.08,630
AMZN,141.19,96
GOOG,144.66,543,144.91,450
AMZN,140.56,394,140.35,944,141.2,633
AMZN,142.16,386
AMZN,142.76,771,143.26,513
TSLA,82.54,282
MSFT,77.87,452,76.17,765
AAPL,80.13,742
TSLA,83.6,977,82.66,383,83.76,955
MSFT,77.01,585,75.58,930
GOOG,143.12,234,144.08,103,143.27,385
MSFT,75.35,255
AAPL,80.46,320,78.51,557,80.42,619
AMZN,143.98,650,142.7,42
MSFT,74.54,287
TSLA,85.15,577,83.41,246
AAPL,81.34,948
TSLA,81.8,385
GOOG,143.33,216,142.33,709,141.2,977,139.92,980
GOOG,139.54,509,139.17,59,140.25,935
AAPL,83.02,149,81.06,476
MSFT,72.78,828,72.95,171,72.08,849,73.98,793
MSFT,75.04,726,75.4,752,75.49,870
TSLA,81.95,394
AMZN,141.66,981,141.09,336
TSLA,82.07,946,80.81,789,82.32,253
AMZN,139.25,400,140.76,617,142.54,578,140.77,213
GOOG,139.81,650,139.23,78,138.03,800,136.64,378
AMZN,142.69,34,140.8,30,142.5,986,140.86,452
TSLA,81.36,150
MSFT,76.62,973,74.74,708,75.8,633
TSLA,80.24,93,79.37,979,78.07,839
MSFT,76.28,762,75.72,786,75.14,895
AAPL,79.64,313,81.49,37
AAPL,83.33,285
TSLA,79.92,330,79.54,486
GOOG,137.92,839,136.53,927,138.34,49
AAPL,83.33,500,83.3,613
AAPL,82.75,163
AAPL,83.31,606,82.57,131
MSFT,75.44,563
GOOG,137.92,393,136.72,561
AAPL,82.53,64,81.93,610
GOOG,137.94,748
AAPL,83.21,16,84.41,542,82.91,17,83.82,526
AMZN,141.68,901,140.36,708,140.3,223
AAPL,83.59,986,82.7,226,83.3,690
GOOG,137.05,260,136.76,601
AAPL,81.56,897,80.95,889
AMZN,141.46,463,139.85,997,141.72,305,140.0,19
AMZN,140.24,427,141.26,990,142.35,680,143.14,252
GOOG,138.23,282,139.07,70,139.43,858
GOOG,138.85,831,137.15,603,138.88,484,137.72,980
AMZN,141.32,991,140.44,192,142.4,411,144.19,337
GOOG,137.23,793,138.62,332,139.29,959
MSFT,77.27,793,77.23,58,78.55,668
GOOG,140.44,422,141.11,915
GOOG,140.92,130,142.1,27,140.83,166
MSFT,80.37,932,80.23,334
AMZN,145.69,218,147.43,371,146.29,835,147.98,16
AAPL,80.77,172,78.81,542,80.53,126
GOOG,140.96,705
AMZN,147.6,305
MSFT,78.36,949
TSLA,81.51,406
AMZN,148.49,785
GOOG,139.52,897,139.23,759
AAPL,78.81,574,77.31,723,75.84,112
AMZN,149.9,57,150.45,817
MSFT,79.47,74
GOOG,137.28,686,136.0,82,134.26,423
AAPL,74.54,884,74.68,720,73.42,706,71.83,955
GOOG,133.64,33,132.47,651,131.96,551,133.76,446
GOOG,134.05,59,135.57,394,134.67,853,135.93,843
TSLA,82.8,709
AMZN,148.85,896,150.4,465,149.96,72
AAPL,70.17,880,71.31,477,72.48,961,74.2,366
TSLA,84.55,651,83.59,293
GOOG,135.49,241,136.81,691
AAPL,73.12,781,74.39,690
AMZN,151.03,118,151.29,810,151.3,831,149.39,533
AAPL,72.85,264,74.29,103
TSLA,83.79,917
AAPL,74.13,432,72.27,532,71.69,99,72.55,79
AAPL,71.72,825,72.0,800,70.77,263
AMZN,149.15,816,149.9,248
TSLA,83.29,548,83.43,426,81.58,56,79.86,717
GOOG,134.98,368,136.75,472,137.75,272,137.32,763
TSLA,79.59,267,77.69,343
AMZN,148.29,694,149.75,107,149.63,226
AAPL,71.32,803,71.99,979,70.24,389
GOOG,138.7,851,138.03,233,138.55,249
AMZN,150.41,354,151.44,369
GOOG,138.87,166,138.22,286,137.97,789
GOOG,139.02,473,139.89,31,138.56,20,138.74,515
MSFT,79.58,666,77.98,311,79.64,534
GOOG,138.26,472,136.88,472,136.46,396
AMZN,152.71,404
MSFT,81.47,298,79.62,876,80.22,408,81.91,184
MSFT,82.7,195,84.26,292
AAPL,69.42,608,67.64,899
TSLA,77.65,691
AAPL,67.43,924,65.67,216,66.4,859,67.33,225
AMZN,151.85,785,152.13,636,151.43,699
AAPL,65.35,617,65.53,749,64.58,341,65.82,562
AMZN,153.4,128,151.83,596,149.83,202
AMZN,148.67,753,149.92,688,151.13,617
GOOG,136.05,119
GOOG,134.67,513
AMZN,151.51,415
GOOG,134.39,885,132.79,577,133.72,386
TSLA,77.17,942,76.72,445,77.59,957,78.54,953
GOOG,133.0,915,132.08,449,130.93,768,129.88,564
TSLA,77.95,317,76.29,412
MSFT,85.76,710,86.86,412,88.13,568
TSLA,76.31,984,77.14,922
TSLA,78.77,932
TSLA,80.01,808
GOOG,130.05,803
MSFT,88.53,306,86.88,340,87.55,217,88.81,286
GOOG,131.13,454,132.86,597,131.53,550,132.77,599
AAPL,67.73,346
GOOG,132.82,238
GOOG,134.22,290,135.15,337,133.61,378
MSFT,87.19,77,87.36,767,85.99,643,87.37,315
GOOG,133.68,126,135.42,992
GOOG,136.1,346
TSLA,80.7,891
AAPL,67.25,213,67.05,646
TSLA,80.36,421,82.17,915,82.19,545,80.8,810
GOOG,137.95,927,138.94,345
GOOG,138.59,109,137.78,574
MSFT,88.98,521
TSLA,82.6,812
AAPL,65.18,740
GOOG,137.83,171,135.9,429,134.95,477
GOOG,135.56,887
AMZN,151.69,586,150.91,124,151.13,711
TSLA,83.69,22,83.95,902,85.48,721,83.72,388
AAPL,67.06,78,68.82,762
MSFT,87.35,286
MSFT,85.79,124
AMZN,149.46,981,150.04,330,151.64,738,150.22,545
AAPL,67.81,24,69.3,349
MSFT,87.05,19,87.12,990,86.09,259
MSFT,86.6,815,85.26,172
AMZN,151.06,263,151.91,507,150.26,500,149.59,974
MSFT,83.49,860,81.71,383,80.13,478,81.29,162
AMZN,150.52,613,151.08,373,149.24,387
AAPL,68.47,862,66.95,647
TSLA,85.15,18
GOOG,135.42,309,136.86,55,137.64,767
GOOG,137.01,968
AAPL,68.77,244,67.13,491
AMZN,149.69,722,148.61,707,148.3,853,148.92,251
GOOG,137.46,628,139.2,631,137.93,82
MSFT,81.95,344,83.21,374
TSLA,84.99,647
TSLA,85.99,764
TSLA,84.78,732,83.64,983
TSLA,85.12,26,84.24,35,82.3,956
AAPL,67.04,90
AMZN,149.32,708,149.65,781,150.67,734
TSLA,82.15,718
AAPL,69.0,922,68.37,817
MSFT,84.0,411,82.89,405,83.38,94
GOOG,136.64,981,136.83,471,136.29,624
GOOG,134.69,920,136.13,418
AMZN,150.61,88,151.24,794,152.13,721,151.76,456
AMZN,150.53,883,149.22,978,147.66,649
AAPL,66.82,999,67.3,929,68.74,940,70.2,995
TSLA,80.2,653
MSFT,84.64,254,86.54,30,88.05,83
AMZN,148.87,817
GOOG,134.98,632,136.5,155,137.75,786,136.35,517
TSLA,80.06,459,79.18,16
GOOG,135.01,228,134.08,395
AMZN,147.15,401,147.76,370
GOOG,135.84,113
TSLA,79.36,787
AAPL,71.15,613,73.01,819,71.98,807,70.67,333
GOOG,136.26,119
AMZN,147.73,682,146.52,47,147.52,26,149.13,86
AMZN,150.05,661,148.64,558
AMZN,148.19,465,146.69,682,145.9,619,146.21,11
TSLA,78.48,833,80.08,972,79.58,563
TSLA,78.4,111
AMZN,146.52,35
MSFT,87.28,900,89.08,28
GOOG,137.9,809,139.04,134,139.58,666
AAPL,72.46,276
AMZN,148.46,117,147.42,59,148.06,670
AAPL,70.93,328,69.79,452,68.23,264
AMZN,147.3,939,145.71,398,144.6,337,145.24,795
AMZN,146.75,862,148.69,383,148.77,117
TSLA,76.44,171
AMZN,147.06,779
GOOG,138.43,481,136.75,713,135.92,89,136.43,833
MSFT,90.19,201,92.19,902,94.09,879,94.64,839
MSFT,93.41,320,93.71,273,95.49,89,95.7,690
GOOG,134.93,728,135.88,812
MSFT,94.06,721
AMZN,147.51,331
GOOG,136.55,466,138.07,152,136.37,447,136.17,905
AAPL,68.89,707,70.86,688
GOOG,136.72,841,138.16,749,139.65,455,140.78,301
GOOG,141.26,843,142.24,900,143.68,156
TSLA,76.68,679,77.31,23,78.75,202,79.97,64
MSFT,93.23,188,94.58,404,92.97,840,91.89,433
GOOG,144.63,580,143.41,986,141.7,550
TSLA,81.29,174
GOOG,140.47,38,139.82,734,140.72,830
MSFT,92.09,201,91.74,180,90.01,445,91.28,858
GOOG,142.21,244,142.14,980,140.89,282,140.01,667
GOOG,139.06,176
GOOG,139.93,711
TSLA,83.16,307,81.34,210,81.54,305,82.48,297
GOOG,141.72,938
MSFT,91.22,533,90.32,933,88.51,947
TSLA,80.86,483,81.89,568
MSFT,86.61,517
TSLA,81.64,394,82.36,707,80.56,389,81.72,555
GOOG,142.16,780
AMZN,147.99,350,148.27,170,149.15,501
MSFT,86.34,167,87.82,300,86.13,162,87.44,976
TSLA,82.93,407,83.4,393,84.35,200,85.3,824
GOOG,143.93,42,142.02,993
MSFT,87.61,795
GOOG,143.21,772
TSLA,83.42,847
GOOG,143.28,219,144.33,311,145.99,758
TSLA,81.46,47,79.67,632,78.37,385,80.0,499
AAPL,68.97,383,68.97,696
GOOG,146.32,81,144.45,948,143.9,553,143.89,345
TSLA,78.7,24,79.12,573,77.2,888
AMZN,147.15,152
GOOG,145.12,466,145.59,409,147.37,168
MSFT,86.85,70
AMZN,148.85,892,149.56,750,147.96,938
AAPL,70.2,785
MSFT,86.62,904,85.48,810
AAPL,71.55,108,73.51,657,74.32,801,75.6,794
AAPL,74.62,93
GOOG,148.82,695,147.44,357
AAPL,75.71,577,74.36,447,75.88,395
AMZN,146.26,718
AAPL,75.57,142,75.47,831,73.64,347
GOOG,148.31,60,149.3,207
AMZN,145.31,583,146.74,707,145.15,394
AMZN,144.96,831,146.06,993
TSLA,75.34,513,76.18,173
MSFT,86.44,838,86.95,808,87.93,828
MSFT,89.18,135,87.34,149
AMZN,147.33,440,147.21,61,149.2,835
TSLA,76.05,486
GOOG,150.01,601
GOOG,149.76,531
GOOG,151.28,638,149.3,171
GOOG,148.68,789,150.53,491,150.75,796,149.67,43
AMZN,148.33,372,147.49,542
MSFT,87.61,197,89.21,833,89.7,912
AMZN,147.58,722,148.63,834
AAPL,74.8,585,74.67,425,74.62,398
MSFT,88.97,233,89.56,16
MSFT,90.78,970,91.13,650,89.26,77,90.41,757
GOOG,148.6,412
AMZN,149.83,184,150.78,31,150.82,94
MSFT,90.87,934,92.61,818,92.12,453
AMZN,149.07,580,150.48,337,150.18,631
AAPL,75.75,397
MSFT,90.92,94,90.61,251,91.5,695,93.11,674
AMZN,151.79,17,152.65,274,153.79,40,154.52,150
MSFT,93.08,494,93.1,126,93.71,463,94.05,201
AMZN,152.74,394
AMZN,151.55,391,152.21,673,153.27,303
AAPL,76.27,237,74.57,938
GOOG,150.55,352,149.4,468,149.75,810
AMZN,151.73,845,151.56,491,151.62,163
GOOG,151.44,445,152.3,868,151.32,424
AAPL,76.26,248
MSFT,95.16,380
AMZN,152.61,83,152.28,80,151.31,15
GOOG,150.08,349,148.69,58,149.57,164,150.58,574
AAPL,75.85,356,75.14,166,74.58,627,74.24,70
MSFT,94.16,807
TSLA,77.46,844,79.42,542,79.37,901,79.5,359
AMZN,151.05,604,150.78,755,149.09,137
AMZN,148.55,469,146.93,235,145.72,191,146.65,416
GOOG,150.25,789,152.22,154,152.78,890
GOOG,151.18,506,152.49,419,151.96,647
AAPL,73.3,30,74.77,726,76.63,746,76.58,561
TSLA,81.11,543,80.34,997,80.56,589
AMZN,147.27,977,147.57,327
GOOG,150.44,362
TSLA,80.32,911,80.7,653,80.56,269
MSFT,92.48,548,93.49,90,92.13,663
AAPL,76.74,507
GOOG,149.28,735,150.92,883,150.27,867
MSFT,90.77,70,91.64,954,92.63,638
AAPL,77.0,609,75.74,392,75.55,282,74.17,753
TSLA,80.68,155,81.09,400
GOOG,150.61,578,152.17,162
AAPL,76.13,158
MSFT,91.18,639,91.75,352,92.86,866
MSFT,92.18,809,90.84,500
AAPL,75.41,253,76.38,372,75.14,219,75.03,677
GOOG,152.56,366,153.45,916,153.06,845
AMZN,146.07,690,147.96,166,147.7,480,146.04,179
TSLA,79.67,425,79.42,56,80.73,779,82.3,513
GOOG,152.63,875,151.73,971,153.11,260,151.24,973
TSLA,83.57,859
TSLA,84.79,916,86.66,271,87.14,940,86.13,597
AMZN,144.79,589,143.59,349,144.49,691,145.66,374
AAPL,75.42,804,75.84,44,75.81,183
AAPL,76.91,99,75.57,325,73.76,89,74.81,198
AMZN,144.53,543,144.84,413,144.8,952
TSLA,85.09,42
AAPL,76.52,614,76.42,866,75.19,734,76.05,566
MSFT,88.94,14,90.01,344
GOOG,149.48,935
GOOG,147.65,866,146.14,353,148.02,711
GOOG,147.76,548,148.85,538
GOOG,149.75,948,151.24,582,151.98,225
GOOG,153.39,638,155.1,202,155.9,418,157.51,965
AMZN,144.94,688,143.5,119,143.14,85,144.02,385
AMZN,143.51,84,144.75,394
GOOG,159.07,401,158.3,779,158.55,741
AMZN,144.7,596,145.88,548
GOOG,156.69,121,155.79,565,154.44,37,154.42,102
AAPL,76.42,809,78.4,375,79.52,252,77.76,50
TSLA,83.48,123,81.72,908,80.81,731,79.97,637
AAPL,77.73,177,79.64,748,80.85,19
GOOG,155.66,273,156.63,829,155.18,717
AAPL,80.35,619
TSLA,80.6,242
TSLA,80.05,603
AMZN,145.73,565,144.77,145,144.04,161,142.69,369
MSFT,88.67,727,90.07,104,90.46,452,90.72,746
TSLA,79.05,963,78.61,190
TSLA,76.86,796
AMZN,143.63,411,144.54,602,144.8,934,146.65,442
AMZN,146.03,882
MSFT,89.02,462,89.77,132,91.47,719
MSFT,92.07,482,93.03,537,91.74,801
AMZN,147.07,625,146.82,543,148.36,109,149.34,30
GOOG,153.44,837,155.01,748,154.32,847
TSLA,76.48,517,76.03,473
AMZN,147.5,544
TSLA,76.98,140,77.53,365
TSLA,79.14,178,78.21,896
AMZN,146.16,581,144.28,240,142.93,631
AMZN,143.24,994,143.85,871
AMZN,144.1,16,146.02,960,144.82,762,143.42,25
TSLA,78.67,564,77.38,869,79.2,472
AAPL,81.59,628,80.73,474,81.7,666
TSLA,80.16,931,81.29,535,79.4,495
AAPL,82.82,153,84.46,704,84.8,281,83.39,948
AMZN,144.08,256,144.91,410,143.42,708,143.88,858
MSFT,90.42,981,92.35,329,94.28,334
AMZN,142.81,875,141.93,348
MSFT,93.62,94
AAPL,84.41,577,86.07,514
MSFT,92.98,167
AAPL,85.52,805,84.77,957,83.85,391,82.54,654
TSLA,78.5,151,79.02,298
TSLA,80.73,288,79.14,896
GOOG,154.48,255,155.61,40,155.54,259,155.67,804
GOOG,154.37,596,152.65,138,152.04,647
MSFT,92.44,272
GOOG,152.25,615,152.56,356
AAPL,82.78,222
MSFT,93.46,984,92.45,453,92.8,82
GOOG,150.62,688
GOOG,148.63,624,147.45,15,148.09,900,147.42,241
AAPL,82.79,278
MSFT,93.69,164
GOOG,148.86,779
AMZN,141.9,885,141.59,526
AMZN,143.27,833,144.04,384
TSLA,80.07,807,80.23,873,81.17,552
TSLA,82.5,73
MSFT,95.41,607,96.38,62,98.04,442
MSFT,97.49,866,98.12,773,98.39,37,99.64,132
AAPL,81.56,786
AMZN,142.47,185,143.36,567
AMZN,143.39,380,144.25,613,143.67,955,143.37,916
GOOG,150.27,349
TSLA,81.19,633,79.23,467,79.05,709
AMZN,142.19,851,143.39,664,142.24,203,140.43,807
AAPL,81.85,359,81.86,957
AMZN,142.11,151,142.85,736,141.18,792,141.99,471
MSFT,101.09,593,101.47,641
MSFT,101.8,748,102.17,796,102.01,943
AMZN,142.22,575
MSFT,103.81,382,105.26,331
GOOG,151.46,987,151.17,377,150.05,752,151.37,592
GOOG,150.21,263,149.97,633
GOOG,148.38,678,148.2,998,147.58,21
MSFT,106.7,608,107.14,387,107.13,415
MSFT,105.32,91,103.48,257,101.72,626
AAPL,82.92,89
MSFT,99.88,883,98.9,797
TSLA,79.07,13,80.95,412
GOOG,148.21,188,146.28,646,147.21,506,147.92,440
AAPL,84.81,445
AAPL,84.81,846
GOOG,148.78,174,147.59,322,149.03,630,147.16,403
AAPL,84.84,457,86.25,323,87.36,414,87.38,329
AMZN,143.34,114,143.96,829,144.01,687,143.66,201
GOOG,147.81,746,149.57,830,148.86,198,149.82,203
TSLA,79.66,789
MSFT,100.81,441,100.58,51,102.11,36,103.09,270
TSLA,77.83,802
AAPL,86.56,517,85.49,658,85.1,479,83.92,924
GOOG,147.94,698,148.24,877,148.51,45
GOOG,148.71,193,149.25,438,148.9,575
GOOG,150.45,235,150.13,140,151.67,921,149.81,988
MSFT,101.14,136,101.22,18
MSFT,101.46,941,102.72,113,104.11,45,104.74,556
TSLA,76.5,62
AMZN,145.32,25,145.24,200,143.73,972,141.88,485
GOOG,150.83,68
GOOG,149.52,998
AMZN,141.08,655,139.81,360
TSLA,75.13,134,74.68,155,74.15,523,72.7,230
MSFT,105.5,619,104.24,98,104.03,501,104.38,594
